{"Lv": [0.08570433124084724, 0.16923567550609989, 0.25607771329406098, 0.33171432685131724, 0.41787724801923548, 0.5125291269376876, 0.56550022330101857, 0.64682443855113259, 0.74937104817758105, 0.77738460875434257, 0.90887856431011149, 0.97195152039657773], "Aa": [0.0, 0.014999999999999999, 0.029999999999999999, 0.044999999999999998, 0.059999999999999998, 0.074999999999999997, 0.089999999999999997, 0.105, 0.12, 0.13500000000000001, 0.14999999999999999, 0.16499999999999998, 0.17999999999999999, 0.19500000000000001, 0.20999999999999999, 0.22499999999999998, 0.23999999999999999, 0.255, 0.27000000000000002, 0.28499999999999998, 0.29999999999999999, 0.315, 0.32999999999999996, 0.34499999999999997, 0.35999999999999999, 0.375, 0.39000000000000001, 0.40499999999999997, 0.41999999999999998, 0.435, 0.44999999999999996, 0.46499999999999997, 0.47999999999999998, 0.495, 0.51000000000000001, 0.52500000000000002, 0.54000000000000004, 0.55499999999999994, 0.56999999999999995, 0.58499999999999996, 0.59999999999999998, 0.61499999999999999, 0.63, 0.64500000000000002, 0.65999999999999992, 0.67499999999999993, 0.68999999999999995, 0.70499999999999996, 0.71999999999999997, 0.73499999999999999, 0.75, 0.76500000000000001, 0.78000000000000003, 0.79499999999999993, 0.80999999999999994, 0.82499999999999996, 0.83999999999999997, 0.85499999999999998, 0.87, 0.88500000000000001, 0.89999999999999991, 0.91499999999999992, 0.92999999999999994, 0.94499999999999995, 0.95999999999999996, 0.97499999999999998, 0.98999999999999999, 1.0049999999999999, 1.02, 1.0349999999999999, 1.05, 1.0649999999999999, 1.0800000000000001, 1.095, 1.1099999999999999, 1.125, 1.1399999999999999, 1.155, 1.1699999999999999, 1.1850000000000001, 1.2, 1.2149999999999999, 1.23, 1.2449999999999999, 1.26, 1.2749999999999999, 1.29, 1.3049999999999999, 1.3199999999999998, 1.335, 1.3499999999999999, 1.365, 1.3799999999999999, 1.395, 1.4099999999999999, 1.425, 1.4399999999999999, 1.4549999999999998, 1.47, 1.4849999999999999, 1.5], "Ll": [1, 2, 3, 4, 5, 6, 7, 8, 9, 10, 11, 12], "Av": [0.0039556681032064667, 0.0047196743007544839, -0.0019017127446618876, -0.0016470440121457708, 0.0029369931731424437, 0.0047196743007544839, -0.0041937313373059393, 0.0037009993706904609, 0.0047196743007544839, -0.0019017127446618876, -0.001392375279629765, 0.0080303678234627807, 0.0024276557081104322, -0.00037370034956563103, 0.0085397052884947922, 0.010322386416106832, 0.0065023554283667462, 0.010577055148622838, 0.024074497971971587, 0.027130522762163878, 0.025347841634551838, 0.036553265865256312, 0.052342727281249335, 0.063802820244470038, 0.065585501372082078, 0.085704331240847198, 0.10378581124948427, 0.11804726027038104, 0.12976202196611775, 0.15421022028765519, 0.1786584186091924, 0.19699456735034548, 0.21787740341665873, 0.2476736451210324, 0.28027124288308225, 0.30268209134449164, 0.33604369530408951, 0.36227457475323899, 0.4014935595607052, 0.41473633365153795, 0.47101812353757722, 0.61235927008396529, 0.54665473709483359, 0.65488894841413958, 0.66507569771478026, 0.69308925829154178, 0.6976732954768301, 0.71066140083514684, 0.75497376029293339, 0.78196864593963089, 0.7901180453801433, 0.81252889384155269, 0.83366639864038183, 0.83417573610541385, 0.80616217552865232, 0.82959169892012563, 0.85098387245147089, 0.85709592203185525, 0.88612815753868079, 0.90599231867492991, 0.90879367473260619, 0.93324187305414363, 0.94240994742472006, 0.95106868433026459, 0.95896341503826088, 0.96813148940883753, 0.9823929384297343, 0.98570363195244237, 0.98061025730212226, 0.97984625110457424, 0.98137426349967027, 0.96482079588612946, 0.95718073391064884, 0.95437937785297278, 0.94648464714497638, 0.92865783586885531, 0.91363238065041052, 0.92458313614859899, 0.91592439924305458, 0.90293629388473784, 0.90777499980254217, 0.90293629388473784, 0.89656957557183747, 0.88078011415584456, 0.8817987890859087, 0.8784880955632004, 0.87008402739017199, 0.85785992822940327, 0.86117062175211145, 0.86473598400733565, 0.85378522850914695, 0.84716384146373058, 0.83443040483792985, 0.85403989724166296, 0.85174787864901891, 0.83952377948825019, 0.836213085965542, 0.8321383862452858, 0.84410781667353851, 0.83035570511767376, 0.83264772371031781]}