{"Aa": [0.0, 0.014999999999999999, 0.029999999999999999, 0.044999999999999998, 0.059999999999999998, 0.074999999999999997, 0.089999999999999997, 0.105, 0.12, 0.13500000000000001, 0.14999999999999999, 0.16499999999999998, 0.17999999999999999, 0.19500000000000001, 0.20999999999999999, 0.22499999999999998, 0.23999999999999999, 0.255, 0.27000000000000002, 0.28499999999999998, 0.29999999999999999, 0.315, 0.32999999999999996, 0.34499999999999997, 0.35999999999999999, 0.375, 0.39000000000000001, 0.40499999999999997, 0.41999999999999998, 0.435, 0.44999999999999996, 0.46499999999999997, 0.47999999999999998, 0.495, 0.51000000000000001, 0.52500000000000002, 0.54000000000000004, 0.55499999999999994, 0.56999999999999995, 0.58499999999999996, 0.59999999999999998, 0.61499999999999999, 0.63, 0.64500000000000002, 0.65999999999999992, 0.67499999999999993, 0.68999999999999995, 0.70499999999999996, 0.71999999999999997, 0.73499999999999999, 0.75, 0.76500000000000001, 0.78000000000000003, 0.79499999999999993, 0.80999999999999994, 0.82499999999999996, 0.83999999999999997, 0.85499999999999998, 0.87, 0.88500000000000001, 0.89999999999999991, 0.91499999999999992, 0.92999999999999994, 0.94499999999999995, 0.95999999999999996, 0.97499999999999998, 0.98999999999999999, 1.0049999999999999, 1.02, 1.0349999999999999, 1.05, 1.0649999999999999, 1.0800000000000001, 1.095, 1.1099999999999999, 1.125, 1.1399999999999999, 1.155, 1.1699999999999999, 1.1850000000000001, 1.2, 1.2149999999999999, 1.23, 1.2449999999999999, 1.26, 1.2749999999999999, 1.29, 1.3049999999999999, 1.3199999999999998, 1.335, 1.3499999999999999, 1.365, 1.3799999999999999, 1.395, 1.4099999999999999, 1.425, 1.4399999999999999, 1.4549999999999998, 1.47, 1.4849999999999999, 1.5], "Av": [-0.00011903161704962528, 0.00039030584798238621, 0.00013563711546638046, 0.00013563711546638046, 0.00013563711546638046, -0.00011903161704962528, 0.00013563711546638046, 0.00064497458049839196, 0.00064497458049839196, -0.00011903161704962528, 0.00064497458049839196, -0.00011903161704962528, -0.00011903161704962528, 0.00039030584798238621, 0.00064497458049839196, 0.00064497458049839196, 0.00013563711546638046, 0.00013563711546638046, 0.00039030584798238621, 0.00039030584798238621, 0.00064497458049839196, -0.00011903161704962528, -0.00011903161704962528, 0.00013563711546638046, 0.00013563711546638046, -0.00011903161704962528, 0.00013563711546638046, 0.00013563711546638046, 0.0011543120455304035, 0.00039030584798238621, 0.00013563711546638046, 0.00089964331301439771, 0.00013563711546638046, -0.00011903161704962528, 0.00013563711546638046, 0.00013563711546638046, 0.00013563711546638046, 0.00013563711546638046, 0.00064497458049839196, 0.0011543120455304035, 0.00039030584798238621, 0.00039030584798238621, 0.00064497458049839196, 0.00064497458049839196, 0.00089964331301439771, 0.00039030584798238621, -0.00011903161704962528, 0.00013563711546638046, -0.00011903161704962528, 0.00013563711546638046, 0.00039030584798238621, 0.00064497458049839196, 0.00039030584798238621, 0.00039030584798238621, 0.00039030584798238621, -0.00011903161704962528, 0.00039030584798238621, 0.00039030584798238621, 0.00064497458049839196, 0.00013563711546638046, 0.00039030584798238621, -0.00011903161704962528, 0.00039030584798238621, 0.00039030584798238621, 0.0011543120455304035, 0.00064497458049839196, 0.00039030584798238621, 0.00013563711546638046, 0.00064497458049839196, -0.00011903161704962528, 0.00064497458049839196, 0.00039030584798238621, 0.00089964331301439771, -0.00011903161704962528, 0.00039030584798238621, 0.00013563711546638046, 0.00013563711546638046, 0.00064497458049839196, 0.00039030584798238621, -0.00011903161704962528, 0.00039030584798238621, 0.00013563711546638046, -0.00011903161704962528, 0.00039030584798238621, -0.00011903161704962528, 0.00089964331301439771, -0.00011903161704962528, 0.00039030584798238621, 0.00039030584798238621, 0.00013563711546638046, 0.00064497458049839196, 0.00013563711546638046, 0.00039030584798238621, 0.00039030584798238621, 0.00013563711546638046, 0.00039030584798238621, 0.00039030584798238621, 0.00039030584798238621, 0.00089964331301439771, 0.00013563711546638046, -0.00011903161704962528]}